{
  "$schema": "https://schema.management.azure.com/schemas/2015-01-01/deploymentTemplate.json#",
  "contentVersion": "1.0.0.0",
  "parameters": {
    "acrName": {
      "type": "string",
      "metadata": {
        "description": "Name of ACR instance holding your images"
      }
    },
    "acrPassword": {
      "type": "securestring",
      "metadata": {
        "description": "Password for ACR"
      }
    },
    "modelVersion": {
      "type": "string",
      "metadata": {
        "description": "Version of model to deploy"
      }      
    },
    "imageName": {
      "type": "string",
      "metadata": {
        "description": "Image name"
      }      
    },
    "containerName": {
      "type": "string",
      "metadata": {
        "description": "Base name of the container"
      }      
    }
  },
  "variables": {
    "versionNoDots": "[replace(parameters('modelVersion'), '.', '-')]",
    "containerName": "[concat(parameters('containerName'), '-', variables('versionNoDots'))]",
    "memory": 0.5,
    "cpu": 1.0,
    "port": "8000",
    "image": "[concat(parameters('imageName'), ':', parameters('modelVersion'))]",
    "imageFull": "[concat(parameters('acrName'), '.azurecr.io/', variables('image'))]",
    "dnsPrefix": "[concat(parameters('containerName'), '-', variables('versionNoDots'))]"
  },
  "resources": [
    {
      "name": "[variables('containerName')]",
      "type": "Microsoft.ContainerInstance/containerGroups",
      "apiVersion": "2018-04-01",
      "location": "[resourceGroup().location]",
      "properties": {
        "containers": [
          {
            "name": "[variables('containerName')]",
            "properties": {
              "image": "[variables('imageFull')]",
              "ports": [
                {
                  "port": "[variables('port')]"
                }
              ],
              "resources": {
                "requests": {
                  "cpu": "[variables('cpu')]",
                  "memoryInGB": "[variables('memory')]"
                }
              }
            }
          }
        ],
        "imageRegistryCredentials": [{
          "server": "[concat(parameters('acrName'), '.azurecr.io')]",
          "username": "[parameters('acrName')]",
          "password": "[parameters('acrPassword')]"
        }],        
        "osType": "Linux",
        "ipAddress": {
          "type": "Public",
          "dnsNameLabel": "[variables('dnsPrefix')]",
          "ports": [
            {
              "protocol": "TCP",
              "port": "[variables('port')]"
            }
          ]
        }
      }
    }
  ],
  "outputs": {
    "apiEndpoint": {
      "value": "[concat('http://', variables('dnsPrefix'), '.', resourceGroup().location, '.azurecontainer.io', ':', variables('port'), '/api')]",
      "type": "string"
    },
    "modelVer": {
      "value": "parameters('modelVersion')",
      "type": "string"
    }
  }
}